-- phpMyAdmin SQL Dump
-- version 4.8.5
-- https://www.phpmyadmin.net/
--
-- Host: localhost:3306
-- Generation Time: 2019 年 11 月 30 日 21:22
-- サーバのバージョン： 5.7.25
-- PHP Version: 7.3.1

SET SQL_MODE = "NO_AUTO_VALUE_ON_ZERO";
SET time_zone = "+00:00";

--
-- Database: `lcom_bbs`
--

-- --------------------------------------------------------

--
-- テーブルの構造 `members`
--

CREATE TABLE `members` (
  `id` int(11) NOT NULL,
  `name` varchar(255) NOT NULL,
  `email` varchar(255) NOT NULL,
  `password` varchar(128) NOT NULL,
  `picture` varchar(255) NOT NULL,
  `iine_point` int(11) NOT NULL,
  `dark_point` int(11) NOT NULL,
  `light_point` int(11) NOT NULL,
  `sum_coment` int(11) NOT NULL,
  `created` datetime NOT NULL,
  `modified` timestamp NOT NULL DEFAULT CURRENT_TIMESTAMP ON UPDATE CURRENT_TIMESTAMP
) ENGINE=InnoDB DEFAULT CHARSET=utf8mb4;

--
-- テーブルのデータのダンプ `members`
--

INSERT INTO `members` (`id`, `name`, `email`, `password`, `picture`, `iine_point`, `dark_point`, `light_point`, `sum_coment`, `created`, `modified`) VALUES
(3, 'maedaken1', 'maeda@maeda1', '4a5c7d376969ac5419a8e441f8c7fcf05210fd11', '20191030174722lcomtop2.png', 0, 2, 3, 0, '2019-10-30 17:47:25', '2019-11-28 08:52:33'),
(4, 'unkoburiburi', '193426021@ccmailg.meijo-u.ac.jp', '16641f482801c0f50bc01a4eea9479a68fc2cc03', '20191030175815lcomtop1.png', 0, 0, 0, 0, '2019-10-30 17:58:21', '2019-10-30 08:58:21'),
(5, 'きょうすけ', 'kyosuke@tomoki.com', '4a5c7d376969ac5419a8e441f8c7fcf05210fd11', '20191031134906unti1.png', 0, 0, 0, 0, '2019-10-31 21:49:14', '2019-10-31 12:49:14'),
(6, 'えるこむ2', 'lcom@lcom2', '4a5c7d376969ac5419a8e441f8c7fcf05210fd11', '20191031203125lcom_3.png', 0, 0, 0, 0, '2019-11-01 04:31:36', '2019-10-31 19:31:36'),
(7, 'えるこむ3', 'lcom@lcom3', '4a5c7d376969ac5419a8e441f8c7fcf05210fd11', '20191031203442lcom_3.png', 0, 0, 0, 0, '2019-11-01 04:34:51', '2019-10-31 19:34:51'),
(8, 'えるこむ５', 'lcom@lcom4', '4a5c7d376969ac5419a8e441f8c7fcf05210fd11', '20191107162139lcom_6.png', 0, 3, 0, 3, '2019-11-08 00:21:42', '2019-11-28 14:57:31'),
(9, 'えるこむ6', 'lcom@lcom6', '4a5c7d376969ac5419a8e441f8c7fcf05210fd11', '20191107171442lcom_4.png', 0, 10, 1, 12, '2019-11-08 01:14:44', '2019-11-30 09:55:33'),
(10, 'スーパーえるこむ', 'lcom@lcom7', '4a5c7d376969ac5419a8e441f8c7fcf05210fd11', '20191128181700lcom_25.png', 0, 0, 0, 1, '2019-11-29 02:17:02', '2019-11-30 10:31:40'),
(12, 'ラストえるこむ', 'lcom@lcom8', '4a5c7d376969ac5419a8e441f8c7fcf05210fd11', '20191130174853B5A920EB-9A1D-484E-9726-BC7764F422DF.jpeg', 0, 0, 0, 0, '2019-11-30 17:53:18', '2019-11-30 08:53:18');

-- --------------------------------------------------------

--
-- テーブルの構造 `posts`
--

CREATE TABLE `posts` (
  `id` int(11) NOT NULL,
  `message` text NOT NULL,
  `member_id` int(11) NOT NULL,
  `reply_project_id` int(11) NOT NULL,
  `reply_message_id` int(11) NOT NULL,
  `created` datetime NOT NULL,
  `modified` timestamp NOT NULL DEFAULT CURRENT_TIMESTAMP ON UPDATE CURRENT_TIMESTAMP
) ENGINE=InnoDB DEFAULT CHARSET=utf8mb4;

--
-- テーブルのデータのダンプ `posts`
--

INSERT INTO `posts` (`id`, `message`, `member_id`, `reply_project_id`, `reply_message_id`, `created`, `modified`) VALUES
(29, 'こんにちわ', 8, 21, 0, '2019-11-13 01:29:16', '2019-11-12 16:29:16'),
(30, 'なんでやねん', 9, 21, 0, '2019-11-25 03:24:39', '2019-11-24 18:24:39'),
(35, 'ふぁああああああ', 8, 17, 0, '2019-11-26 02:58:23', '2019-11-25 17:58:23'),
(36, '初めての投稿！', 8, 22, 0, '2019-11-26 03:01:51', '2019-11-25 18:01:51'),
(37, 'ペットの持ち込みはありですか？', 8, 22, 0, '2019-11-26 03:02:52', '2019-11-25 18:02:52'),
(38, 'はい！小動物なら大丈夫です', 8, 22, 0, '2019-11-26 03:04:51', '2019-11-25 18:04:51'),
(43, '初めての投稿！', 7, 23, 0, '2019-11-26 17:06:54', '2019-11-26 08:06:54'),
(44, 'こんばんわに', 7, 23, 0, '2019-11-26 17:52:45', '2019-11-26 08:52:45'),
(46, '川に洗濯なんて最高です', 7, 16, 0, '2019-11-28 17:04:18', '2019-11-28 08:04:18'),
(47, 'なんか山に芝刈りしたくなってきました', 7, 16, 0, '2019-11-28 17:07:47', '2019-11-28 08:07:47'),
(48, 'その日の川はやめるべきじゃ', 7, 16, 0, '2019-11-28 17:08:55', '2019-11-28 08:08:55'),
(49, '柴犬を連れていきたいです', 7, 16, 0, '2019-11-28 17:13:46', '2019-11-28 08:13:46'),
(50, '柴犬は嫌いでしょうか', 7, 16, 0, '2019-11-28 17:19:44', '2019-11-28 08:19:44'),
(51, '柴犬はてめえだ', 7, 16, 0, '2019-11-28 17:22:13', '2019-11-28 08:22:13'),
(52, '僕はトイプードルが好きです', 7, 16, 0, '2019-11-28 17:23:54', '2019-11-28 08:23:54'),
(53, 'うつくしい心を持っているのですね', 7, 16, 0, '2019-11-28 17:52:33', '2019-11-28 08:52:33'),
(54, '初めての投稿！', 10, 24, 0, '2019-11-30 17:25:44', '2019-11-30 08:25:44'),
(55, '初めての投稿！', 10, 24, 0, '2019-11-30 17:28:27', '2019-11-30 08:28:27'),
(56, '初めての投稿！', 10, 24, 0, '2019-11-30 17:29:19', '2019-11-30 08:29:19'),
(57, 'ありがとう', 9, 24, 0, '2019-11-30 18:02:42', '2019-11-30 09:02:42'),
(58, '初めての投稿！', 9, 25, 0, '2019-11-30 18:25:22', '2019-11-30 09:25:22'),
(59, '初めての投稿！', 9, 26, 0, '2019-11-30 18:31:23', '2019-11-30 09:31:23'),
(60, '初めての投稿！', 9, 27, 0, '2019-11-30 18:45:23', '2019-11-30 09:45:23'),
(61, '初めての投稿！', 9, 28, 0, '2019-11-30 18:48:14', '2019-11-30 09:48:14'),
(62, '初めての投稿！', 9, 29, 0, '2019-11-30 18:51:18', '2019-11-30 09:51:18'),
(63, '子供は何歳くらいからOKですか', 9, 22, 0, '2019-11-30 18:55:33', '2019-11-30 09:55:33'),
(64, '初めての投稿！', 9, 30, 0, '2019-11-30 19:00:08', '2019-11-30 10:00:08'),
(65, '初めての投稿！', 9, 31, 0, '2019-11-30 19:07:05', '2019-11-30 10:07:05'),
(66, '初めての投稿！', 9, 32, 0, '2019-11-30 19:11:57', '2019-11-30 10:11:57'),
(67, '初めての投稿！', 9, 33, 0, '2019-11-30 19:15:52', '2019-11-30 10:15:52'),
(68, '鈴岡からお伺いしたいです。家族連れですがいいですか', 10, 30, 0, '2019-11-30 19:31:40', '2019-11-30 10:31:40');

-- --------------------------------------------------------

--
-- テーブルの構造 `projects`
--

CREATE TABLE `projects` (
  `id` int(11) NOT NULL,
  `project_name` varchar(255) NOT NULL,
  `message` text NOT NULL,
  `member_id` int(11) NOT NULL,
  `place` varchar(255) NOT NULL,
  `project_picture` varchar(255) NOT NULL,
  `open_year` int(11) NOT NULL,
  `open_month` int(11) NOT NULL,
  `open_date` int(11) NOT NULL,
  `open_time` int(11) NOT NULL,
  `place_id` int(11) NOT NULL,
  `pro_point` int(11) NOT NULL,
  `created` datetime NOT NULL,
  `modified` timestamp NOT NULL DEFAULT CURRENT_TIMESTAMP ON UPDATE CURRENT_TIMESTAMP
) ENGINE=InnoDB DEFAULT CHARSET=utf8mb4;

--
-- テーブルのデータのダンプ `projects`
--

INSERT INTO `projects` (`id`, `project_name`, `message`, `member_id`, `place`, `project_picture`, `open_year`, `open_month`, `open_date`, `open_time`, `place_id`, `pro_point`, `created`, `modified`) VALUES
(11, '平家物語', '祇園精舎の鐘の声、諸行無常の響あり。娑沙羅双樹の花の色、盛者必衰のことはりをあらはす。おごれる人も久しからず、只春の夜の夢のごとし。たけき者も遂にはほろびぬ、偏に風の前の塵に同じ。', 3, '', '20191031192532lcom_1.png', 2029, 9, 14, 15, 1, 1, '2019-11-01 03:25:33', '2019-11-26 13:12:36'),
(12, '10万ボルト', '大君は神にしませば天雲あまくもの雷いかづちの上に廬いほりせるかもーー巻3・柿本人麻呂', 3, '', '20191031192714lcom_3.png', 2021, 2, 16, 14, 2, 0, '2019-11-01 03:27:16', '2019-10-31 18:27:16'),
(15, 'なんでやねん', 'ねむたしつきぬけりたり', 3, '', '20191107161539lcom_10.png', 2023, 2, 14, 12, 4, 1, '2019-11-08 00:15:45', '2019-11-30 08:36:31'),
(16, '山へ芝刈りに', 'おばあさんは川に洗濯に行きました。', 3, '', '20191107161808lcom_4.png', 2020, 3, 7, 7, 1, 36, '2019-11-08 00:18:09', '2019-11-28 16:16:26'),
(22, '桃源郷', 'たまには山に冒険にでませんか。今は紅葉がとても綺麗でキノコもいっぱい取れます。愛知県天白区の塩釜口駅前に集合してください。', 8, '', '20191125190148lcompro1.png', 2019, 12, 1, 9, 4, 61, '2019-11-26 03:01:51', '2019-11-30 10:30:26'),
(24, 'ラストクエスト', '本日は、えるこむを見てくださりありがとうございます。会場投票ぜひお願い致します。', 10, '', '2019113017253276E63A37-9959-44BD-A316-A0CBEFFF5DB5.png', 2019, 12, 1, 13, 8, 5, '2019-11-30 17:25:44', '2019-11-30 09:48:29'),
(25, '竪穴式住居を造ろう！', 'こんな寒い日こそ外でクリエイティブなことをしましょう！みんなで焚き火とバーベキューをしながら、秘密基地をつくりましょうよ。名駅の時計前で待ち合わせしましょう！\r\nあと、みなさん会場投票お願いします！', 9, '', '201911301822477C1D7726-BB63-4484-89DE-425E1F615CFE.jpeg', 2019, 12, 1, 14, 4, 1, '2019-11-30 18:25:22', '2019-11-30 09:26:38'),
(26, 'Go言語のお勉強会', '名古屋市のお住みのみなさん！そうでない人もこんにちは！私はGo言語マスターのお姉さんだよ！名城大学でお勉強会開くからきてね！だれでも歓迎よ。golang1234@lcom.com', 9, '', '201911301831106DCF117B-77AD-4851-BD40-116184E4C0D3.jpeg', 2019, 12, 1, 15, 4, 0, '2019-11-30 18:31:23', '2019-11-30 09:31:23'),
(27, 'バーベキュー大会', 'みんなでバーベキューをやりましょう！参加費は私が負担するので、誰が一番食べれるかフードファイトしますよ。名駅の時計前に集合してね', 9, '', '2019113018380452186E74-2513-4111-80A5-AA776B78703D.jpeg', 2019, 12, 12, 17, 4, 0, '2019-11-30 18:45:23', '2019-11-30 09:45:23'),
(28, 'えるこむプロジェクト', 'みなさん！えるこむプロジェクトをもっと見に来てください！会場投票お待ちしています。', 9, '', '201911301848118ADD19A7-DEC8-406D-8CC2-C426CB83418F.jpeg', 2020, 6, 5, 8, 20, 0, '2019-11-30 18:48:14', '2019-11-30 09:48:14'),
(29, 'ピザパーティ', '村おこしのために巨大なピザガマが造りたいのじゃ。でも歳のせいでのう…若い力があれば1mのピザを作れるはすじゃ', 9, '', '20191130185115DC1A9E27-1335-4920-B44E-C686A9A1FE13.jpeg', 2023, 2, 7, 4, 3, 1, '2019-11-30 18:51:18', '2019-11-30 09:54:49'),
(30, 'ハンバーガープロジェクト', 'やあこんにちは！今回急だけど、ハンバーガーをたくさん作ることにしたよ。ハンバーガーを名城大学の名物にするのが夢なんだ！村おこしの一環として手伝ってよ！もちろんハンバーガー食べ放題だよ', 9, '', '201911301900059BE766C4-C4A8-4028-8266-A0D90B2B0201.jpeg', 2019, 12, 16, 7, 4, 4, '2019-11-30 19:00:08', '2019-11-30 10:31:40'),
(31, 'ちょっとした公園をつくろう', '最近は子供の姿をすっかり見なくなって、寂しいんだ。子育てがしやすい環境があれば、かつてのにぎやかさが戻ってくると信じてるんだ！ママさんの人は特に歓迎だよ。塩釜口駅、牛丼屋近くで待ち合わせしよう', 9, '', '201911301907017093CF5B-95FD-4A5F-B1FC-0FE9F608A074.jpeg', 2019, 12, 30, 14, 4, 1, '2019-11-30 19:07:05', '2019-11-30 10:08:05'),
(32, 'キノコの森を育てる', '全国のみんな緊急だ！最近イノシシが大量発生してキノコが取れないんだ。村はキノコが特産物でこのままだと…。とにかくこれを見た人はwatalab@lab.meijoに連絡が欲しい', 9, '', '20191130191152E10D1E26-6EEC-4013-85F1-11A9F8482821.jpeg', 2019, 11, 30, 6, 4, 0, '2019-11-30 19:11:57', '2019-11-30 10:11:57'),
(33, '五平餅で人手不足', '若い衆はみておるか！ここで巡り合えたのも運命。土曜日に人手不足で五平餅が間に合わんのじゃ！参加してくれた人には、ばば特性のタレのレシピを継承するぞ', 9, '', '2019113019155021F3913A-42CF-4480-BC6C-C00820F7E9D9.jpeg', 2019, 11, 30, 11, 2, 0, '2019-11-30 19:15:52', '2019-11-30 10:15:52');

--
-- Indexes for dumped tables
--

--
-- Indexes for table `members`
--
ALTER TABLE `members`
  ADD PRIMARY KEY (`id`);

--
-- Indexes for table `posts`
--
ALTER TABLE `posts`
  ADD PRIMARY KEY (`id`);

--
-- Indexes for table `projects`
--
ALTER TABLE `projects`
  ADD PRIMARY KEY (`id`);

--
-- AUTO_INCREMENT for dumped tables
--

--
-- AUTO_INCREMENT for table `members`
--
ALTER TABLE `members`
  MODIFY `id` int(11) NOT NULL AUTO_INCREMENT, AUTO_INCREMENT=13;

--
-- AUTO_INCREMENT for table `posts`
--
ALTER TABLE `posts`
  MODIFY `id` int(11) NOT NULL AUTO_INCREMENT, AUTO_INCREMENT=69;

--
-- AUTO_INCREMENT for table `projects`
--
ALTER TABLE `projects`
  MODIFY `id` int(11) NOT NULL AUTO_INCREMENT, AUTO_INCREMENT=34;
